"","Ubar","B","m","total_var","lambda","r","v_com","v_obs","v_old","v","gamma"
"Treatment (Prompt = 1, No Prompt = 0)","0.01206","0.00717","50.00000","0.01938","0.37739","0.60614","92.00000","56.07430","344.04663","48.21586","0.40170"
"Treatment x Prior Self Efficacy","0.00107","0.00070","50.00000","0.00178","0.40121","0.67003","92.00000","53.92907","304.40810","45.81285","0.42574"
"Treatment Effect when Prior Self Efficacy was 0","0.01206","0.00717","50.00000","0.01938","0.37739","0.60614","92.00000","56.07430","344.04663","48.21586","0.40170"
"Treatment Effect when Prior Self Efficacy was 1","0.00624","0.00357","50.00000","0.00988","0.36828","0.58299","92.00000","56.89445","361.27115","49.15355","0.39251"
"Treatment Effect when Prior Self Efficacy was 2","0.00256","0.00137","50.00000","0.00396","0.35339","0.54652","92.00000","58.23601","392.36915","50.70961","0.37747"
"Treatment Effect when Prior Self Efficacy was 3","0.00101","0.00058","50.00000","0.00160","0.36805","0.58240","92.00000","56.91543","361.72862","49.17767","0.39227"
"Treatment Effect when Prior Self Efficacy was 4","0.00160","0.00119","50.00000","0.00281","0.43075","0.75668","92.00000","51.26890","264.09213","42.93401","0.45553"
