"","Ubar","B","m","total_var","lambda","r","v_com","v_obs","v_old","v","gamma"
"(Intercept)","0.01103","0.00412","50.00000","0.01523","0.27580","0.38084","90.00000","63.77617","644.17242","58.03084","0.29953"
"days_between_v1_and_coinflip_local","0.00010","0.00004","50.00000","0.00014","0.30549","0.43986","90.00000","61.16185","525.05819","54.78068","0.32953"
"self_efficacy_cig_lag1","0.00078","0.00032","50.00000","0.00110","0.29348","0.41539","90.00000","62.21935","568.90449","56.08546","0.31740"
"is_high_effort","0.00935","0.00434","50.00000","0.01378","0.32116","0.47311","90.00000","59.78150","475.05778","53.09944","0.34536"
"is_low_effort","0.00865","0.00483","50.00000","0.01357","0.36292","0.56967","90.00000","56.10384","372.01981","48.75166","0.38754"
"I(is_high_effort * days_between_v1_and_coinflip_local)","0.00035","0.00013","50.00000","0.00049","0.28079","0.39041","90.00000","63.33719","621.50339","57.47947","0.30457"
"I(is_low_effort * days_between_v1_and_coinflip_local)","0.00027","0.00014","50.00000","0.00041","0.34292","0.52189","90.00000","57.86524","416.68213","50.80928","0.36734"
"High Effort Prompt vs Low Effort Prompt","0.01220","0.00433","50.00000","0.01662","0.26576","0.36195","90.00000","64.66076","693.78797","59.14817","0.28939"
"High Effort Prompt vs Low Effort Prompt x Day","0.00039","0.00016","50.00000","0.00056","0.29179","0.41201","90.00000","62.36814","575.51198","56.27016","0.31569"
