"","Ubar","B","m","total_var","lambda","r","v_com","v_obs","v_old","v","gamma"
"(Intercept)","0.00942","0.00265","150.00000","0.01209","0.22074","0.28327","93.00000","70.96106","3057.81410","69.35165","0.24228"
"days_between_v1_and_coinflip_local","0.00005","0.00002","150.00000","0.00006","0.24788","0.32957","93.00000","68.48995","2424.95846","66.60867","0.26949"
"self_efficacy_cig_lag1","0.00076","0.00026","150.00000","0.00102","0.25819","0.34806","93.00000","67.55072","2235.08675","65.56904","0.27983"
"is_high_effort","0.00148","0.00087","150.00000","0.00236","0.37102","0.58988","93.00000","57.27637","1082.40210","54.39786","0.39294"
"is_low_effort","0.00160","0.00067","150.00000","0.00227","0.29550","0.41944","93.00000","64.15362","1706.37361","61.82906","0.31723"
"High Effort Prompt vs Low Effort Prompt","0.00218","0.00104","150.00000","0.00323","0.32561","0.48281","93.00000","61.41204","1405.40797","58.84087","0.34742"
