"","Estimate","StdErr","LCL","UCL","LCL90","UCL90","p_value"
"(Intercept)"," 1.0329290891","0.1590162632"," 0.7212629402"," 1.3445952380"," 0.7713706118"," 1.2944875664","0.0000000001"
"days_between_v1_and_coinflip_local"," 0.1956875704","0.0571616104"," 0.0836528728"," 0.3077222680"," 0.1016650883"," 0.2897100525","0.0006184096"
"I(days_between_v1_and_coinflip_local * days_between_v1_and_coinflip_local)","-0.0162760745","0.0054662719","-0.0269897706","-0.0055623785","-0.0252672917","-0.0072848574","0.0029056630"
"self_efficacy_cig_lag1"," 0.4949333749","0.0320160295"," 0.4321831102"," 0.5576836396"," 0.4422716927"," 0.5475950571","0.0000000000"
