"","Estimate","StdErr","LCL","UCL","LCL90","UCL90","p_value"
"(Intercept)"," 1.33250","0.10469"," 1.12731"," 1.53768"," 1.16030"," 1.50469","0.00000"
"days_between_v1_and_coinflip_local"," 0.03548","0.00839"," 0.01904"," 0.05192"," 0.02168"," 0.04928","0.00002"
"motivation_cig_lag1"," 0.51183","0.03050"," 0.45205"," 0.57162"," 0.46166"," 0.56201","0.00000"
"Y_lag1"," 0.07437","0.05355","-0.03058"," 0.17933","-0.01371"," 0.16245","0.16489"
"cigarette_counts_lag1","-0.05113","0.02307","-0.09635","-0.00590","-0.08908","-0.01317","0.02670"
