"","Ubar","B","m","total_var","lambda","r","v_com","v_obs","v_old","v","gamma"
"Treatment (Prompt = 1, No Prompt = 0)","0.01121","0.00957","50.00000","0.02097","0.46560","0.87125","92.00000","48.12982","226.03282","39.68053","0.49064"
"Treatment x Prior Self Efficacy","0.00100","0.00090","50.00000","0.00192","0.48031","0.92423","92.00000","46.80489","212.39881","38.35324","0.50544"
"Treatment Effect when Prior Self Efficacy was 0","0.01121","0.00957","50.00000","0.02097","0.46560","0.87125","92.00000","48.12982","226.03282","39.68053","0.49064"
"Treatment Effect when Prior Self Efficacy was 1","0.00580","0.00471","50.00000","0.01060","0.45290","0.82783","92.00000","49.27323","238.88263","40.84775","0.47786"
"Treatment Effect when Prior Self Efficacy was 2","0.00239","0.00165","50.00000","0.00407","0.41333","0.70454","92.00000","52.83735","286.81512","44.61781","0.43797"
"Treatment Effect when Prior Self Efficacy was 3","0.00097","0.00040","50.00000","0.00138","0.29560","0.41965","92.00000","63.44025","560.76303","56.99256","0.31909"
"Treatment Effect when Prior Self Efficacy was 4","0.00155","0.00096","50.00000","0.00253","0.38680","0.63080","92.00000","55.22640","327.50283","47.25744","0.41121"
