"","Estimate","StdErr","LCL","UCL","LCL90","UCL90","p_value"
"(Intercept)"," 1.0199855234","0.1619287580"," 0.7026109896"," 1.3373600571"," 0.7536364185"," 1.2863346283","0.0000000003"
"days_between_v1_and_coinflip_local"," 0.2150828653","0.0588140443"," 0.0998094566"," 0.3303562739"," 0.1183423711"," 0.3118233594","0.0002551860"
"I(days_between_v1_and_coinflip_local * days_between_v1_and_coinflip_local)","-0.0180062851","0.0056357409","-0.0290521342","-0.0069604359","-0.0272762539","-0.0087363163","0.0013982285"
"self_efficacy_cig_lag1"," 0.4843907072","0.0298496157"," 0.4258865355"," 0.5428948789"," 0.4352924586"," 0.5334889558","0.0000000000"
