"","Ubar","B","m","total_var","lambda","r","v_com","v_obs","v_old","v","gamma"
"(Intercept)","0.00910","0.00186","50.00000","0.01100","0.17264","0.20867","93.00000","75.34121","1643.98834","72.03975","0.19469"
"days_between_v1_and_coinflip_local","0.00005","0.00001","50.00000","0.00006","0.16572","0.19864","93.00000","75.97144","1784.16910","72.86864","0.18771"
"self_efficacy_cig_lag1","0.00071","0.00018","50.00000","0.00090","0.20620","0.25976","93.00000","72.28568","1152.47409","68.01936","0.22855"
"is_high_effort","0.00162","0.00090","50.00000","0.00253","0.36158","0.56638","93.00000","58.13577"," 374.78149","50.32881","0.38553"
"is_low_effort","0.00165","0.00074","50.00000","0.00240","0.31310","0.45582","93.00000","62.55081"," 499.83815","55.59370","0.33655"
"High Effort Prompt vs Low Effort Prompt","0.00233","0.00092","50.00000","0.00328","0.28720","0.40291","93.00000","64.90954"," 594.06419","58.51588","0.31037"
