"","Ubar","B","m","total_var","lambda","r","v_com","v_obs","v_old","v","gamma"
"(Intercept)","0.00947","0.00209","50.00000","0.01160","0.18384","0.22525","93.00000","74.32172","1449.85329","70.69765","0.20599"
"days_between_v1_and_coinflip_local","0.00005","0.00001","50.00000","0.00006","0.15345","0.18127","93.00000","77.08868","2080.86942","74.33484","0.17535"
"self_efficacy_cig_lag1","0.00075","0.00027","50.00000","0.00102","0.26697","0.36421","93.00000","66.75127"," 687.48199","60.84364","0.28994"
"is_high_effort","0.00148","0.00068","50.00000","0.00217","0.31979","0.47013","93.00000","61.94199"," 479.15637","54.85121","0.34330"
"is_low_effort","0.00161","0.00047","50.00000","0.00209","0.22905","0.29711","93.00000","70.20428"," 933.94389","65.29600","0.25163"
"High Effort Prompt vs Low Effort Prompt","0.00224","0.00060","50.00000","0.00285","0.21409","0.27240","93.00000","71.56737","1069.11137","67.07716","0.23652"
