"","Ubar","B","m","total_var","lambda","r","v_com","v_obs","v_old","v","gamma"
"Treatment (Prompt = 1, No Prompt = 0)","0.01091","0.00684","150.00000","0.01779","0.38693","0.63113","92.00000","55.21519"," 995.23497","52.31289","0.40910"
"Treatment x Prior Self Efficacy","0.00098","0.00061","150.00000","0.00160","0.38572","0.62793","92.00000","55.32361","1001.45715","52.42736","0.40789"
"Treatment Effect when Prior Self Efficacy was 0","0.01091","0.00684","150.00000","0.01779","0.38693","0.63113","92.00000","55.21519"," 995.23497","52.31289","0.40910"
"Treatment Effect when Prior Self Efficacy was 1","0.00563","0.00349","150.00000","0.00915","0.38452","0.62474","92.00000","55.43239","1007.75819","52.54227","0.40668"
"Treatment Effect when Prior Self Efficacy was 2","0.00232","0.00138","150.00000","0.00370","0.37397","0.59737","92.00000","56.38213","1065.39303","53.54828","0.39611"
"Treatment Effect when Prior Self Efficacy was 3","0.00097","0.00048","150.00000","0.00146","0.33356","0.50052","92.00000","60.02143","1339.15483","57.44665","0.35561"
"Treatment Effect when Prior Self Efficacy was 4","0.00159","0.00082","150.00000","0.00241","0.34073","0.51682","92.00000","59.37630","1283.44095","56.75082","0.36279"
