"","Estimate","StdErr","LCL","UCL","LCL90","UCL90","p_value"
"(Intercept)"," 1.33506","0.10547"," 1.12835"," 1.54177"," 1.16158"," 1.50854","0.00000"
"days_between_v1_and_coinflip_local"," 0.03550","0.00843"," 0.01897"," 0.05203"," 0.02163"," 0.04937","0.00003"
"motivation_cig_lag1"," 0.51127","0.03074"," 0.45102"," 0.57152"," 0.46071"," 0.56183","0.00000"
"Y_lag1"," 0.07082","0.05356","-0.03416"," 0.17580","-0.01728"," 0.15892","0.18608"
"cigarette_counts_lag1","-0.04971","0.02270","-0.09420","-0.00522","-0.08705","-0.01237","0.02853"
