"","Ubar","B","m","total_var","lambda","r","v_com","v_obs","v_old","v","gamma"
"(Intercept)","0.01032","0.00315","150.00000","0.01349","0.23515","0.30745","90.00000","67.35592","2694.55498","65.71329","0.25741"
"days_between_v1_and_coinflip_local","0.00010","0.00004","150.00000","0.00013","0.28828","0.40505","90.00000","62.67696","1792.85969","60.55983","0.31068"
"self_efficacy_cig_lag1","0.00076","0.00026","150.00000","0.00103","0.25865","0.34889","90.00000","65.28664","2227.21284","63.42738","0.28097"
"is_high_effort","0.00881","0.00392","150.00000","0.01275","0.30961","0.44845","90.00000","60.79917","1554.41152","58.51059","0.33205"
"is_low_effort","0.00837","0.00450","150.00000","0.01290","0.35119","0.54129","90.00000","57.13704","1208.09013","54.55676","0.37374"
"I(is_high_effort * days_between_v1_and_coinflip_local)","0.00033","0.00014","150.00000","0.00047","0.30769","0.44443","90.00000","60.96828","1573.87486","58.69459","0.33013"
"I(is_low_effort * days_between_v1_and_coinflip_local)","0.00025","0.00015","150.00000","0.00041","0.37456","0.59888","90.00000","55.07901","1062.04212","52.36337","0.39715"
"High Effort Prompt vs Low Effort Prompt","0.01187","0.00576","150.00000","0.01766","0.32810","0.48831","90.00000","59.17066","1384.13079","56.74485","0.35059"
"High Effort Prompt vs Low Effort Prompt x Day","0.00040","0.00020","150.00000","0.00060","0.33149","0.49586","90.00000","58.87232","1355.98440","56.42264","0.35399"
