"","Ubar","B","m","total_var","lambda","r","v_com","v_obs","v_old","v","gamma"
"(Intercept)","0.01220","0.00557","50.00000","0.01788","0.31776","0.46575","90.00000","60.08150","485.29857","53.46266","0.34192"
"days_between_v1_and_coinflip_local","0.00005","0.00003","50.00000","0.00008","0.36008","0.56269","90.00000","56.35430","377.91966","49.04139","0.38467"
"self_efficacy_cig_lag1","0.00096","0.00046","50.00000","0.00143","0.32638","0.48451","90.00000","59.32221","459.99679","52.54579","0.35063"
"is_high_effort","0.01595","0.00832","50.00000","0.02443","0.34740","0.53234","90.00000","57.47058","406.00108","50.34421","0.37187"
"is_low_effort","0.01669","0.01077","50.00000","0.02767","0.39683","0.65791","90.00000","53.11778","311.16068","45.37233","0.42177"
"I(is_high_effort * self_efficacy_cig_lag1)","0.00141","0.00080","50.00000","0.00222","0.36587","0.57696","90.00000","55.84433","366.05129","48.45248","0.39052"
"I(is_low_effort * self_efficacy_cig_lag1)","0.00149","0.00101","50.00000","0.00252","0.40930","0.69290","90.00000","52.01979","292.49229","44.16503","0.43435"
"High Effort Prompt vs Low Effort Prompt","0.02000","0.01274","50.00000","0.03299","0.39380","0.64962","90.00000","53.38463","315.96765","45.66864","0.41871"
"High Effort Prompt vs Low Effort Prompt x Moderator","0.00173","0.00130","50.00000","0.00305","0.43279","0.76300","90.00000","49.95143","261.60727","41.94284","0.45803"
