"","Ubar","B","m","total_var","lambda","r","v_com","v_obs","v_old","v","gamma"
"(Intercept)","0.01015","0.00314","50.00000","0.01336","0.24005","0.31588","90.00000","66.92422","850.30752","62.04121","0.26342"
"days_between_v1_and_coinflip_local","0.00009","0.00003","50.00000","0.00012","0.23851","0.31322","90.00000","67.05983","861.32187","62.21589","0.26187"
"self_efficacy_cig_lag1","0.00075","0.00026","50.00000","0.00101","0.26542","0.36133","90.00000","64.69018","695.53546","59.18547","0.28905"
"is_high_effort","0.00829","0.00413","50.00000","0.01250","0.33686","0.50797","90.00000","58.39952","431.82659","51.44252","0.36122"
"is_low_effort","0.00811","0.00522","50.00000","0.01344","0.39644","0.65685","90.00000","53.15193","311.76979","45.41020","0.42138"
"I(is_high_effort * days_between_v1_and_coinflip_local)","0.00030","0.00014","50.00000","0.00045","0.32033","0.47131","90.00000","59.85458","477.52244","53.18781","0.34453"
"I(is_low_effort * days_between_v1_and_coinflip_local)","0.00025","0.00017","50.00000","0.00043","0.40364","0.67685","90.00000","52.51796","300.74808","44.71043","0.42864"
"High Effort Prompt vs Low Effort Prompt","0.01156","0.00509","50.00000","0.01675","0.31022","0.44973","90.00000","60.74533","509.16977","54.27069","0.33431"
"High Effort Prompt vs Low Effort Prompt x Day","0.00039","0.00017","50.00000","0.00056","0.30578","0.44046","90.00000","61.13622","524.05903","54.74923","0.32982"
