"","Estimate","StdErr","Z_statistic","p_value","LCL","UCL","LCL90","UCL90"
"(Intercept)"," 0.85751","0.13757"," 6.23318","0.00000"," 0.58788","1.12715"," 0.63123"," 1.08380"
"days_between_v1_and_coinflip_local"," 0.01476","0.00861"," 1.71447","0.08644","-0.00211","0.03164"," 0.00060"," 0.02892"
"self_efficacy_cig_lag1"," 0.68105","0.04304","15.82288","0.00000"," 0.59668","0.76541"," 0.61025"," 0.75184"
"is_high_effort","-0.02630","0.15078"," 0.17443","0.86153","-0.32182","0.26922","-0.27431"," 0.22171"
"is_low_effort"," 0.31072","0.17744"," 1.75108","0.07993","-0.03706","0.65850"," 0.01885"," 0.60258"
"I(is_high_effort * self_efficacy_cig_lag1)"," 0.00643","0.04368"," 0.14723","0.88295","-0.07917","0.09203","-0.06541"," 0.07827"
"I(is_low_effort * self_efficacy_cig_lag1)","-0.09240","0.05108"," 1.80884","0.07048","-0.19253","0.00772","-0.17643","-0.00838"
"High Effort Prompt vs Low Effort Prompt","-0.33702","0.17842","-1.88891","0.05890","-0.68671","0.01268","-0.63049","-0.04354"
"High Effort Prompt vs Low Effort Prompt x Moderator"," 0.09883","0.04938"," 2.00141","0.04535"," 0.00205","0.19562"," 0.01761"," 0.18006"
